{"multi_add_flops_billion": 532.7662719974629, "num_trainable_params_million": 48.052308}